sentence_id;sentence;relation-type
38;1;He won the Gold Medal of the Royal Astronomical Society in 1892, and also later served as president of that organization.;AWARD
41;1;Dole was twice decorated for heroic achievement, receiving two Purple Hearts for his injuries, and the Bronze Star Medal for his attempt to assist a downed radio man.;AWARD
50;2;President Clinton awarded him the Presidential Medal of Freedom in early 1997 for his service in the military and his political career.;AWARD
123;5;The book was awarded the 1957 Pulitzer Prize for Biography.;AWARD
4;2;The Foundation has grown immensely and, by 1950, had become national and international in scope.;CONTROL
124;1;Kennedy's other decorations of the Second World War include the Purple Heart, Asiatic-Pacific Campaign Medal, and the World War II Victory Medal.;AWARD
138;1;"Sir Andrew Fielding Huxley, OM, FRS (born 22 November 1917, Hampstead, London, England, UK) is a British physiologist and biophysicist, who won the 1963 Nobel Prize in Physiology or Medicine for his work with Alan Lloyd Hodgkin on the basis of nerve ""action potentials,"" the electrical impulses that enable the activity of an organism to be coordinated by a central nervous system.";AWARD
147;1;He was twice nominated for an Academy Award for Best Supporting Actor, the first for his role in the 1943 film, Sahara then for his performance in the 1945 film, A Medal for Benny for which he won the Golden Globe Award for Best Supporting Actor - Motion Picture.;AWARD
154;1;In recognition of his work with electricity, Franklin was elected a Fellow of the Royal Society and received its Copley Medal in 1753.;AWARD
180;3;"In 1991 he was awarded the Presidential Medal of Freedom for ""preserving America's defenses at a time of great change around the world.""";AWARD
8;2;His support abated as the United States entered WWII.;CONTROL
245;1;PFC Fernando Luis Garcia (October 14, 1929 - September 5, 1952), born in Utuado, Puerto Rico, was a member of the United States Marines and the first Puerto Rican who was awarded the Medal of Honor.;AWARD
273;1;Received the Presidential Medal of Freedom in 1977.;AWARD
294;3;Confidential (1997) for which she received an Academy Award for Best Supporting Actress.;AWARD
298;1;In 1968, 6 years after her death, she was honored, as the former president of United Nations Commission on Human Rights, by a posthume Nobel Peace Prize, along with Rene Cassin, president of the European Court of Human Rights, for their work in drafting and promoting the adoption and proclamation the 1948 Universal Declaration of Human Rights.;AWARD
298;2;The same year, they were each awarded by one of the UN's own Human Rights Prizes.;AWARD
317;2;He won a Nobel Prize in Chemistry in 1928.;AWARD
10;1;On May 26, 1943, Edsel Ford died, leaving a vacancy in the company presidency.;CONTROL
318;3;"He was awarded the 1921 Nobel Prize for Physics for his explanation of the photoelectric effect in 1905 (his ""miracle year"") and ""for his services to Theoretical Physics"".";AWARD
335;1;The Reverend Martin Luther King, Jr. Ph.D., Boston University (January 15, 1929 - April 4, 1968) was an American Nobel Laureate, Baptist minister, and African American civil rights activist.;AWARD
335;4;He also was awarded the Presidential Medal of Freedom.;AWARD
355;1;In 1971, Coppola won an Academy Award for his screenplay for Patton.;AWARD
355;2;However, his name as a filmmaker was made as the co-writer and director of The Godfather (1972) and The Godfather Part II (1974), which both won the Academy Award for Best Picture - the latter being the first sequel to do so.;AWARD
357;6;While The Godfather Part II won the Oscar, The Conversation won the 1974 Palme d'Or at the Cannes Film Festival.;AWARD
11;5;This led to his being hired by Westinghouse company to service their steam engines.;CONTROL
407;1;Clinton received a B.S.F.S. degree from the Edmund A. Walsh School of Foreign Service at Georgetown University in Washington DC, where he became a brother of Alpha Phi Omega, worked for Senator J. William Fulbright, was elected to Phi Beta Kappa and won a Rhodes Scholarship to the University of Oxford (at the University College, Oxford) in England.;AWARD
418;1;He won the Gold Medal of the Royal Astronomical Society in 1841.;AWARD
419;2;There he published tables of atmospheric refraction based on Bradley's observations, which won him the Lalande Prize from the Institut de France.;AWARD
422;1;In 1923 he was awarded the inaugural Bucher Memorial Prize by the American Mathematical Society.;AWARD
432;2;She was nominated for the Academy Award for Best Supporting Actress for The Godfather, Part II and for the Best Actress in a Leading Role for Rocky.;AWARD
435;2;Lift, the mother of Danny DeVito's character in her Academy Award nominated performance in Throw Momma from the Train.;AWARD
17;1;He has also made notable appearances on television.;CONTROL
480;1;Edric Frederick Gifford, 3rd Baron Gifford, VC (5 July 1849 - 5 June 1911) was an English recipient of the Victoria Cross, the highest and most prestigious award for gallantry in the face of the enemy that can be awarded to British and Commonwealth forces.;AWARD
520;2;As a soldier, he led a famous cavalry charge in the Battle of San Juan Hill in 1898 for which he was posthumously awarded the Congressional Medal of Honor in 2001 by President Bill Clinton, making Roosevelt the only President to have received the award as of 2005.;AWARD
522;1;Roosevelt was also influential in spearheading the construction of the Panama Canal, and for his mediation in the Russo-Japanese War of 1905, he was awarded the Nobel Peace Prize in 1906.;AWARD
522;2;He was the first American to win a Nobel Prize in any category.;AWARD
528;1;Reynolds was nominated for an Academy Award for Best Actress following her performance in The Unsinkable Molly Brown (1964), a Golden Globe for The Debbie Reynolds Show on television (1970), a Golden Globe for the motion picture Mother (1997), and a Blockbuster Entertainment Award for In & Out (1997).;AWARD
528;2;In 1997 she received the Lifetime Achievement Award in Comedy.;AWARD
23;3;Her sister Betty sang in a duo with Rosemary for much of her early career.;CONTROL
535;2;A special military decoration, the Dewey Medal, was also named in his honor.;AWARD
549;2;A screen legend, Hepburn holds the records for the most Oscars (4) and also Best Actress nominations (12).;AWARD
549;3;Hepburn won an Emmy Award in 1975 for her lead role in Love Among the Ruins, and was nominated for four other Emmys and two Tony Awards during the course of her more than 70-year acting career.;AWARD
600;1;He was also a fan of hockey and was inducted into the United States Hockey Hall of Fame in 1993.;AWARD
32;1;Bush served in the French and Indian Wars as a soldier between 1755 and 1757.;CONTROL
638;2;He won directing Emmys for his work on the original 1854 CBS teleplay, Twelve Angry Men.;AWARD
2;1;Because of his father's legacy at Ole Miss, as well as his own status as the most highly recruited high school quarterback of his class, Peyton Manning stunned many when he chose to attend and play for the University of Tennessee.;EDUCATION
9;4;"In 1989, he earned a Juris Doctor (J.D.) degree from New York University Law School.";EDUCATION
25;1;During his stay in prison, he rediscovered the Bible, learned Greek, and became a student of Christian theology at Oxford University.;EDUCATION
26;1;Born in Dublin to William Aitken (himself a Conservative MP) and Penelope Aitken, daughter of John Maffey, 1st Baron Rugby, he attended Eton College and read law at Christ Church, Oxford.;EDUCATION
35;2;He was educated at the Bury St Edmunds grammar school and at Trinity College, Dublin, studied law for a short time after 1624 at the Inner Temple, London, accompanied the ill-fated expedition of the duke of Buckingham for the relief of the Protestants of La Rochelle, and then travelled in Italy and the Levant, returning to England in 1629.;EDUCATION
48;1;Dole graduated from High School in the spring of 1941, and enrolled at the University of Kansas the following Autumn.;EDUCATION
38;4;Three other children had been born to them but had died young.;CONTROL
48;4;After the war, Dole continued to study law, and eventually earned his Law Degree from Washburn University in 1952.;EDUCATION
70;3;from Dartmouth College in 1809 and an A.M. from Dartmouth in 1812.;EDUCATION
45;2;He began to learn mathematics around age twelve.;CONTROL
94;1;Marvin graduated from Woodberry Forest School in 1975, and spent most summers and holidays at the sprawling family estate, the Bush Compound.;EDUCATION
104;3;He was a first round draft pick in 1992, out of Georgia Tech.;EDUCATION
105;1;Jon Barry played his high school basketball at an athletic powerhouse, De La Salle High School in Concord, California before receiving a basketball scholarship to attend Georgia Tech.;EDUCATION
107;2;He graduated from New York University`s College of Arts and Sciences in 1953 and received a scholarship to Harvard Law School.;EDUCATION
114;1;At the age of 17, and having barely passed West Point's height requirement for entrance, Grant received a cadetship to the United States Military Academy at West Point, New York, through his U.S.;EDUCATION
46;2;Einstein's relationship with Mileva developed into romance over the next few years.;CONTROL
117;1;"After Raymond graduated from high school, he enrolled in the ""1Universidad del Sagrado Corazon"" (University of the Sacred Heart) of San Juan, where he earned a Bachelors Degree in ""Radio and Television Production"".";EDUCATION
136;1;In 1928, Reagan entered Eureka College in Eureka, Illinois, majoring in economics and sociology, and graduating in 1932.;EDUCATION
163;2;"He received an A.B. degree in 1938 and a Juris Doctor (J.D.) degree in 1941, both from Harvard University.";EDUCATION
48;2;He kept his Swiss passport for his whole life.;CONTROL
171;2;He was educated at a religious Imam Hatip school and at Marmara University's faculty of economics and business.;EDUCATION
175;2;He was educated at Marlborough College and, in 1910, he graduated from Trinity College, Cambridge in mathematics.;EDUCATION
181;2;He was elected the Natrona County High School senior class president, represented the school at Boys State, and played halfback on the football team.;EDUCATION
186;1;Following high school, Cheney earned an academic scholarship and attended Yale University in 1959.;EDUCATION
54;3;Since then, Miguel has been cast in many major movies, usually in the role of villain.;CONTROL
187;2;Mrs. Cheney has a BA with highest honors from Colorado College, an MA from The University of Colorado, and a Ph.D from The University of Wisconsin specializing in British literature.;EDUCATION
188;1;He attended the University of Wisconsin-Madison as a doctoral candidate in political science and completed all required coursework as an ABD, but left and entered politics before completing his thesis.;EDUCATION
189;1;Refocusing on academics, Cheney first matriculated to Casper Community College in 1963 and thereafter to the University of Wyoming where he began earning straight A's.;EDUCATION
63;3;He was re-elected several times, and served until 1784.;CONTROL
198;2;He graduated from Princeton University in 1952, and attended Harvard University in 1954-55.;EDUCATION
212;1;Haeck was educated at Trent University in Peterborough and State University of New York at Buffalo in Buffalo, New York.;EDUCATION
222;1;After attending the Douglas School in Columbus and St. George's School in Newport, Rhode Island as well as the famous Stonyhurst College in England (where he designed the boys' golf course still in use today) from 1908 to 1913, Bush entered Yale University.;EDUCATION
241;1;The son of Sir Mortimer Margesson, he grew up in Worcestershire and was educated at Harrow School.;EDUCATION
243;1;Keynes was educated at Oundle School.;EDUCATION
74;3;The boycott lasted for 381 days.;CONTROL
271;5;He graduated from Dartmouth College in 1930, where he was a member of the Psi Upsilon fraternity, the Dartmouth Glee Club, and the Casque & Gauntlet Society.;EDUCATION
290;1;Burroughs attended John Burroughs School in St. Louis, and The Los Alamos Ranch School in New Mexico.;EDUCATION
290;10;Burroughs graduated from Harvard University in 1936.;EDUCATION
291;1;Walter William Rouse Ball (August 14, 1850 - April 4, 1925) was a British mathematician, lawyer and a fellow at Trinity College, Cambridge from 1878 to 1905.;EDUCATION
312;1;In 1902 Geiger began to study physics and mathematics in Erlangen and later attained a doctorate in 1906.;EDUCATION
70;3;She was the fifth of nine children.;CONTROL
312;2;In 1907 he began work with Ernest Rutherford at the University of Manchester.;EDUCATION
319;1;Einstein attended the Luitpold Gymnasium where he received a relatively progressive education.;EDUCATION
326;4;"The family was Jewish (non-observant); Albert attended a Catholic elementary school and, at the insistence of his mother, was given violin lessons.";EDUCATION
337;4;He graduated from Morehouse College with a Bachelor of Arts degree in Sociology in 1948.;EDUCATION
31;2;Elliot and Fokker were able to receive such a large commission because Elliot had close connections to the U.S. Export-Import Bank through his father, Franklin Delano Roosevelt.;EMPLOYER
40;1;Dole is currently special counsel at the Washington, D.C., lobbying firm of Aaron Woo.;EMPLOYER
49;2;This has included becoming a television commercial spokesman for such products as Viagra and Pepsi-Cola, and as an occasional political commentator on the popular American interview program Larry King Live.;EMPLOYER
74;1;"Homer works in the Springfield Nuclear Power Plant, in Sector 7G, although ""working"" in this case refers largely to dozing and eating doughnuts.";EMPLOYER
107;4;He was then hired by the legal department of CBS subsidiary Columbia Records.;EMPLOYER
85;3;His ancestor Johann Valentin Pressler emigrated to North America in 1710.;CONTROL
130;1;"His employment by the General Electric company further enhanced his political image; he travelled widely as a GE spokesman, and was noted for his anti-Communist speeches.";EMPLOYER
175;3;No doubt, his family connections helped him to secure an immediate post-graduate position at the Victoria University of Manchester, working under Ernest Rutherford and Niels Bohr on Rutherford's atomic theory.;EMPLOYER
198;4;He joined the Foreign Service, working for the State Department from 1956 until 1969.;EMPLOYER
89;1;He was born into a family of Swedish nobility.;CONTROL
209;6;Prior to the war, Lawford had a gained a contract position with the MGM studios.;EMPLOYER
212;2;She worked as a librarian at the Fort Erie Public Library from 1974 to 1977, and was head of Special Collections at the St. Catharines Public Library from 1977 to 1990.;EMPLOYER
213;2;Senator from Connecticut and a Wall Street executive banker with Brown Brothers Harriman.;EMPLOYER
215;1;His father-in-law, George Herbert Walker, and Walker's partner, Averell Harriman, brought him on as an officer in their investment banking firm, W. A. Harriman and Company in 1926.;EMPLOYER
215;2;When it merged with Brown Brothers in 1931, he became a partner in the new firm of Brown Brothers Harriman.;EMPLOYER
97;3;Despite his father's opposition to him having a foreign-born wife, Adams wed Louisa Johnson in 1797.;CONTROL
218;4;In 1925, he joined the United States Rubber Company (based in New York City) as manager of the foreign division, and moved to Greenwich, Connecticut.;EMPLOYER
220;1;As a managing partner of Brown Brothers Harriman, he sat on several corporate boards, including the following:;EMPLOYER
247;2;He moved to San Juan where he started to work for the Texas Company as a file clerk.;EMPLOYER
385;2;He later earned a Ph.D. in economics from the University of Virginia.;EMPLOYER
97;4;The couple named one of their sons after George Washington.;CONTROL
385;3;Snow graduated with a law degree from the George Washington University in 1967 and then taught economics at the University of Maryland, University of Virginia, as well as law at George Washington.;EMPLOYER
385;4;He also served as a Visiting Fellow at the American Enterprise Institute in 1977 and a Distinguished Fellow at the Yale School of Management from 1978 until 1980.;EMPLOYER
397;1;In 1974, his first year as a University of Arkansas law professor, Clinton ran for the House of Representatives.;EMPLOYER
417;1;Bessel was the son of a civil servant, and at the age of 14 he was apprenticed to the import-export concern Kulenkamp.;EMPLOYER
420;2;Within two years he had left Kulenkamp and become an assistant at Lilienthal Observatory near Bremen, Germany.;EMPLOYER
113;2;He had an elder brother named Emmet Olson.;CONTROL
424;1;Nicholas Clooney (born January 13, 1934) is an American television anchorman, game show and American Movie Classics host, as well as a politician from the state of Kentucky.;EMPLOYER
426;1;After his loss, he went back to writing a column for The Cincinnati Post three times a week that has a wide range of topics.;EMPLOYER
428;2;In 1974, he gained his first national fame by hosting the short-lived ABC daytime game show Money Maze.;EMPLOYER
428;3;He then returned to local and syndicated radio and television in Cincinnati, including a stint as news anchor for WKRC-TV.;EMPLOYER
140;2;By 1936 he had grown bored with Hollywood, and abandoned his film career.;CONTROL
433;1;Ruth Jayne Lawrence (born August 2, 1971) is an Associate Professor of mathematics at the Einstein Institute of Mathematics, Hebrew University of Jerusalem, and a researcher in knot theory and algebraic topology.;EMPLOYER
462;1;Ricky Byrdsong (June 24, 1956 - July 2, 1999) was a former Northwestern University basketball coach.;EMPLOYER
140;5;He spent the remainder of his life in private pursuits, such as writing and painting.;CONTROL
462;3;He had also been head coach at the University of Arizona and assistant coach at Eastern Illinois University, Western Michigan University and Iowa State University, his alma mater.;EMPLOYER
503;1;He went to school at Marlborough College, and went to Balliol College, Oxford University, and was president of the Oxford Union and editor of Isis.;EMPLOYER
529;1;Reynolds then signed with Metro-Goldwyn-Mayer and was cast in Three Little Words which starred Fred Astaire and Red Skelton.;EMPLOYER
532;2;In 1948 she won the Miss Burbank Beauty Contest which resulted in a motion picture contract with Warner Bros.;EMPLOYER
155;3;He published several poetry collections in the 1930s before starting to write for the stage.;CONTROL
561;2;Eventually, the band settled on Chad Channing, with whom the band recorded the album Bleach, released on Sub Pop Records in 1989.;EMPLOYER
596;1;In 1876, Meyer became the first Professor of Chemistry at the University of Tuebingen, where he served until his death there.;EMPLOYER
638;1;Returning home after the war, he found work in the television industry with March of Time and then joined the CBS network.;EMPLOYER
638;2;He won directing Emmys for his work on the original 1854 CBS teleplay, Twelve Angry Men.;EMPLOYER
168;3;He and his wife had seven children.;CONTROL
674;1;She was a TV news reporter for NBC's Dateline NBC from 1989 until 2004.;EMPLOYER
674;5;Her broadcast journalism career started with KYW-TV in Philadelphia, Pennsylvania.;EMPLOYER
106;1;Clive Jay Davis (born April 4, 1934) is the founder of Arista Records, and member of the Rock and Roll Hall of Fame as a nonperformer.;FOUNDER
108;1;In 1974, he founded Arista Records, naming it after his secondary school honor society.;FOUNDER
227;1;Henry Ford (July 30, 1863 - April 7, 1947) was the founder of the Henry Ford Motor Company which later became Cadillac and Ford Motor Company.;FOUNDER
228;1;Henry Ford, with eleven other investors and $28,000 in capital, incorporated the Ford Motor Company in 1903.;FOUNDER
230;1;Henry Ford, with his son Edsel, founded the Ford Foundation in 1936 as a local philanthropic organization with a broad charter to promote human welfare.;FOUNDER
173;4;Ball however was elected to the Senate for the same seat in 1942.;CONTROL
231;1;After this initial success, Ford left Edison Illuminating and, with other investors, formed the Detroit Automobile Company.;FOUNDER
231;4;With his interest in race cars, he formed a second company, the Henry Ford Company.;FOUNDER
261;1;John Davison Rockefeller (July 8, 1839 - May 23, 1937) was an American capitalist most known for his role in the early petroleum industry and the founding of Standard Oil (ExxonMobil is the largest of its descendants).;FOUNDER
262;5;He founded the University of Chicago in 1890, the Rockefeller Institute for Medical Research (now Rockefeller University) in New York City in 1901, the General Education Board in 1902, the Rockefeller Foundation in 1913, and the Laura Spelman Rockefeller Memorial in 1918, as well as giving large gifts to other institutions.;FOUNDER
262;6;His gift of $5 million dollars helped found the Great Smoky Mountains National Park.;FOUNDER
180;4;It was published in 1950 and earned him some respect as a writer.;CONTROL
268;3;In 1870 the two Rockefellers, Andrews, Flagler, and a silent partner, Stephen V. Harkness, formed the Standard Oil Company, with John D. Rockefeller as president.;FOUNDER
279;2;After a two-day trial she was banished as a heretic in 1638 and led 60 followers to settle Aquidneck Island in what later became Rhode Island.;FOUNDER
279;3;They founded the town of Portsmouth, Rhode Island.;FOUNDER
289;2;His grandfather, also named William Seward Burroughs, founded the Burroughs Adding Machine company, which evolved into the Burroughs Corporation.;FOUNDER
181;4;Jack didn't start to learn English until the age of six.;CONTROL
298;1;In 1968, 6 years after her death, she was honored, as the former president of United Nations Commission on Human Rights, by a posthume Nobel Peace Prize, along with Rene Cassin, president of the European Court of Human Rights, for their work in drafting and promoting the adoption and proclamation the 1948 Universal Declaration of Human Rights.;FOUNDER
300;1;Mrs. Roosevelt was active in the formations of numerous institutions, most notably the United Nations, United Nations Association and Freedom House.;FOUNDER
300;2;She chaired the committee that drafted and approved the Universal Declaration of Human Rights.;FOUNDER
183;2;Despite leaving the band for an acting career, he still composes music for some films.;CONTROL
336;1;Following the campaign, King was instrumental in the founding of the Southern Christian Leadership Conference (SCLC) in 1957, a group created to harness the moral authority and organizing power of black churches to conduct nonviolent protests in the service of civil rights reform.;FOUNDER
358;1;In 1997, Coppola founded Zoetrope All-Story, a flashy literary magazine that publishes short stories.;FOUNDER
361;2;In 1988 he was named Minister of the Environment, and in 1990 founded the Green Party Generation Ecologie.;FOUNDER
569;1;Saint Clare of Assisi, born Chiara Offreduccio, (July 16, 1194 - August 11, 1253) was one of the first followers of Francis of Assisi and founded the Order of Poor Ladies to organize the women who chose to take the Franciscan vow of poverty and celibacy.;FOUNDER
571;4;He was a founding member of Arbusto Energy company and served as managing general partner of the Texas Rangers baseball team.;FOUNDER
583;1;Bush began his oil industry career in 1979 when he established Arbusto Energy with Salem bin Laden, an oil and gas exploration company he financed with his education trust fund surplus and money from other investors.;FOUNDER
186;3;He attended secondary school (Volksschule), and learned the trade of a joiner.;CONTROL
593;2;He was a founder of the American Arithmometer Company.;FOUNDER
690;4;In addition to featuring in these epochal moments in jazz, he was instrumental in founding Afro-Cuban jazz.;FOUNDER
691;3;In the 40s, Gillespie led the movement called Afro-Cuban music, bringing Latin and African elements to greater prominence in jazz and even pop music, particularly salsa.;FOUNDER
740;2;In 1867, his brother's company, Rockefeller & Andrews, absorbed this refinery, and in 1870, the company became Standard Oil.;FOUNDER
742;3;Married to Almira Geraldine Goodsell, he built up the National City Bank of New York, and his son William Goodsell Rockefeller and Elsie Stillman, daughter of National City Bank president James Stillman, were the parents of James Stillman Rockefeller.;FOUNDER
756;1;Libby was a founding member of the Project for the New American Century.;FOUNDER
204;3;He was elected to the Bulgarian national assembly in 1913 and 1920.;CONTROL
794;1;He also created the Defense Intelligence Agency and the Defense Supply Agency.;FOUNDER
922;3;He was one of the founder members of the Lunar Society.;FOUNDER
969;1;Bush co-founded the first charter school in the State of Florida: Liberty City Charter School, a grades K-6 elementary school.;FOUNDER
996;2;He was the founder and first president of the Naval War College between 1884 and 1886.;FOUNDER
212;2;Her mother was a Lyman, another very old American family.;CONTROL
1001;1;In 1999 Bush cofounded a educational-software company, Ignite!, which uses multiple intelligence methods to provide varying types of content to appeal to multiple learning styles.;FOUNDER
1;1;Peyton Williams Manning (born March 24, 1976 in New Orleans, Louisiana) is an American football quarterback for the Indianapolis Colts NFL franchise.;JOB_TITLE
16;1;Jose Vicente Ferrer de Otero y Cintron (January 8, 1909 - January 26, 1992), was an actor and film director, born in Santurce, Puerto Rico.;JOB_TITLE
23;1;He became Chief Secretary to the Treasury in 1994, a Cabinet position, but resigned in 1995, to defend himself against accusations that whilst Minister of Defence Procurement he violated ministerial rules by allowing an Arab businessman to pay for his stay in the Ritz Hotel Paris.;JOB_TITLE
28;1;During World War II, he accompanied FDR as a military aide to the Casablanca meeting of 1943 and the subsequent Cairo and Tehran Conferences.;JOB_TITLE
32;1;Sir Henry Edward Bolte (20 May 1908 - 4 January 1990), Australian politician, was the longest serving Premier of the state of Victoria.;JOB_TITLE
34;1;John Winthrop (February 12, 1606-April 5, 1676), generally known as John Winthrop the Younger, was governor of Connecticut.;JOB_TITLE
222;2;They were lovers, and he addressed both poems and surviving letters to her.;CONTROL
37;2;(July 9, 1845 - December 7, 1912) was a British astronomer and mathematician, the second son and fifth child of Charles and Emma Darwin.;JOB_TITLE
39;1;Robert Joseph Dole (born July 22, 1923) is best known as a former Republican United States Senate Majority Leader and Senator from Kansas.;JOB_TITLE
46;2;He became a second lieutenant in the Army's 10th Mountain Division.;JOB_TITLE
227;3;As a child, Hillary was interested in sports, her church, and her school, a public school in Park Ridge.;CONTROL
51;1;John Alston Maxton, Baron Maxton (born May 5, 1936) was a Labour backbench Member of Parliament in the British House of Commons.;JOB_TITLE
53;1;Brooks Adams (1848 - 1927), was an American historian and a critic of capitalism.;JOB_TITLE
55;1;Elizabeth Rogers (May 18, 1934 - November 6, 2004) was an American actress.;JOB_TITLE
58;1;John Sidney Blythe (February 15, 1882 - May 29, 1942), better known as John Barrymore, became famous as a Shakespearean actor, lauded for his Hamlet.;JOB_TITLE
83;1;John Drew Barrymore, also known as John Barrymore, Jr., (June 4, 1929 - November 29, 2004) was an actor, one of The Barrymores, a family of actors that included his father, John Barrymore, and his father's siblings, his uncle Lionel and his aunt Ethel.;JOB_TITLE
234;3;Kennedy was given the news that his mother's car had been involved in a fatal accident.;CONTROL
87;1;Julius Henry Marx, known as Groucho Marx (October 2, 1890 - August 19, 1977), was an American comedian, working both with his siblings, the Marx Brothers, and on his own.;JOB_TITLE
91;1;Jorge Amado de Faria (August 10, 1912 - August 6, 2001) was a Brazilian writer of the Modernist school.;JOB_TITLE
96;1;John William Coltrane (September 23, 1926 - July 17, 1967) was an American jazz saxophonist and composer.;JOB_TITLE
109;1;Catherine of Braganza (25 November 1638 - 30 November 1705), or Catarina de Bragana was the queen consort of King Charles II of England.;JOB_TITLE
111;1;Ulysses S. Grant (April 27, 1822 - July 23, 1885) was the 18th President of the United States (1869 - 1877).;JOB_TITLE
245;2;He was a prodigy, learning Latin at three, Greek at four, and writing sermons at seven.;CONTROL
111;2;He achieved national fame as a hero of the American Civil War, in which he commanded Union forces as a general, and as general-in-chief (1864 - 1869).;JOB_TITLE
118;1;John Fitzgerald Kennedy (May 29, 1917 - November 22, 1963), often referred to as Jack Kennedy or JFK, was the 35th President of the United States.;JOB_TITLE
119;1;John Fitzgerald Kennedy (May 29, 1917 - November 22, 1963), also known as JFK, was the 35th president of the United States of America.;JOB_TITLE
127;3;He participated in various commands in the Pacific Theater and earned the rank of lieutenant, commanding a patrol torpedo boat or PT boat.;JOB_TITLE
257;2;In this he was assisted by his son, William.;CONTROL
128;1;Ronald Wilson Reagan (February 6, 1911 - June 5, 2004) was the 40th President of the United States (1981 - 1989) and the 33rd Governor of California (1967 - 1975).;JOB_TITLE
128;2;Before entering politics, Reagan was also a broadcaster, film actor, and head of the Screen Actors Guild.;JOB_TITLE
133;3;He remained in Hollywood for the duration of the war, attaining the rank of captain.;JOB_TITLE
263;3;Bush was elected to a second term in the 2004 election.;CONTROL
137;1;"In 1966, he was elected the 33rd Governor of California, defeating two-term incumbent Pat Brown; he was reelected in 1970, defeating Jesse Unruh, but chose not to seek a third term.";JOB_TITLE
140;2;Klaas (born August 23, 1983 in Rockford, Illinois) is an American soccer defensive midfielder, who currently plays for the Seattle Sounders of the USL First Division.;JOB_TITLE
142;1;Jack Kerouac (March 12, 1922 - October 21, 1969) was an American novelist, writer, poet, artist, and part of the Beat Generation.;JOB_TITLE
145;1;"Bill ""Billy"" Boucher (b. November 10, 1899 in Ottawa, Ontario, Canada, died November 10, 1958) was a Canadian professional ice hockey rightwinger who played in the National Hockey League for the Montreal Canadiens, Boston Bruins and New York Americans.";JOB_TITLE
157;1;Dr. Benjamin Franklin (January 17, 1706 - April 17, 1790) was an American publisher, journalist, author, philanthropist, abolitionist, public servant, statesman, scientist, librarian, diplomat, poet, musician, philosopher, economist, and inventor.;JOB_TITLE
157;4;In 1775, Franklin became the first United States Postmaster General.;JOB_TITLE
279;2;Then he went on to a public grammar school for three years.;CONTROL
162;1;Caspar Willard Weinberger (born August 18, 1917) is best known as United States Secretary of Defense under President Ronald Reagan from 1981 through 1987, and for his related roles in the Strategic Defense Initiative program (popularly known as Star Wars), and in the Iran-Contra Affair.;JOB_TITLE
166;2;Weinberger moved to Washington in January 1970 to become chairman of the Federal Trade Commission, subsequently serving as deputy director (1970-72) and director (1972-73) of the Office of Management and Budget, and as Secretary of Health, Education, and Welfare (1973-75).;JOB_TITLE
167;1;Mildred Bailey (February 27, 1907 - December 12, 1951) was a popular American singer during the 1930s.;JOB_TITLE
170;1;Recep Tayyip Erdogan (born February 26, 1954) became prime minister of Turkey on March 14, 2003.;JOB_TITLE
284;15;His fan mail jumped to thousands of letters a week.;CONTROL
174;1;John W. Duarte(October 2, 1919 - December 23, 2004) was a British composer and classical guitarist.;JOB_TITLE
184;5;The following year, he was elected House Minority Whip.;JOB_TITLE
6;1;John Fitzgerald Kennedy Jr., often referred to as John F. Kennedy, Jr., JFK Jr. or John-John (November 25, 1960 - July 16, 1999) was an American lawyer, journalist, and publisher.;NATIONALITY
32;1;Sir Henry Edward Bolte (20 May 1908 - 4 January 1990), Australian politician, was the longest serving Premier of the state of Victoria.;NATIONALITY
55;1;Elizabeth Rogers (May 18, 1934 - November 6, 2004) was an American actress.;NATIONALITY
67;1;Stephen Harriman Long (December 30, 1784 - September 4, 1864) was a U.S. engineer, explorer, and military officer.;NATIONALITY
78;1;Josiah Wedgwood (July 12, 1730 - January 3, 1795) was an English potter, credited with the industrialisation of the manufacture of pottery.;NATIONALITY
87;1;Julius Henry Marx, known as Groucho Marx (October 2, 1890 - August 19, 1977), was an American comedian, working both with his siblings, the Marx Brothers, and on his own.;NATIONALITY
91;1;Jorge Amado de Faria (August 10, 1912 - August 6, 2001) was a Brazilian writer of the Modernist school.;NATIONALITY
96;1;John William Coltrane (September 23, 1926 - July 17, 1967) was an American jazz saxophonist and composer.;NATIONALITY
303;2;She succumbed to diabetes in September 2002.;CONTROL
131;1;"Reagan was born in Tampico, Illinois, the second of two sons to Catholic, Irish-American democrat John ""Jack"" Reagan and Nelle Wilson, who was of Scottish and English descent.";NATIONALITY
142;1;Jack Kerouac (March 12, 1922 - October 21, 1969) was an American novelist, writer, poet, artist, and part of the Beat Generation.;NATIONALITY
145;1;"Bill ""Billy"" Boucher (b. November 10, 1899 in Ottawa, Ontario, Canada, died November 10, 1958) was a Canadian professional ice hockey rightwinger who played in the National Hockey League for the Montreal Canadiens, Boston Bruins and New York Americans.";NATIONALITY
307;2;He served from 1961 until his assassination in 1963.;CONTROL
146;1;J. Carrol Naish or Joseph Patrick Carrol Naish (January 21, 1897 - January 24, 1973) was an American actor born in New York City, New York.;NATIONALITY
157;1;Dr. Benjamin Franklin (January 17, 1706 - April 17, 1790) was an American publisher, journalist, author, philanthropist, abolitionist, public servant, statesman, scientist, librarian, diplomat, poet, musician, philosopher, economist, and inventor.;NATIONALITY
167;1;Mildred Bailey (February 27, 1907 - December 12, 1951) was a popular American singer during the 1930s.;NATIONALITY
174;1;John W. Duarte(October 2, 1919 - December 23, 2004) was a British composer and classical guitarist.;NATIONALITY
176;1;Sir Charles Galton Darwin, FRS (December 18, 1887 - December 13, 1962) was the English physicist grandson of Charles Darwin who served as director of the National Physical Laboratory (NPL) during World War II.;NATIONALITY
327;5;Friends recall him as disciplined and focused, neither drinking nor gambling during a trip to Las Vegas.;CONTROL
202;1;Graham Stuart, (born October 24, 1970) is a former English football (soccer) player who plays as a central-midfielder.;NATIONALITY
203;1;George Timothy Clooney (born May 6, 1961 in Lexington, Kentucky) is an American film and television actor, known for his former role in the long-running television drama ER (1994-99).;NATIONALITY
204;2;He is a strong supporter of the Democratic Party and is of mostly Irish American heritage, although he also has some distant German ancestry.;NATIONALITY
210;1;Lawford became an American citizen in 1960, in time to vote for his brother-in-law John F. Kennedy.;NATIONALITY
328;3;He and his wife belonged to the Epiphany Catholic Church in Miami for many years.;CONTROL
226;1;Stella Dorothea Gibbons (5 January 1902 - 19 December 1989) was an English novelist and poet.;NATIONALITY
254;1;Didier Julia (born February 18, 1934) is a French politician.;NATIONALITY
261;1;John Davison Rockefeller (July 8, 1839 - May 23, 1937) was an American capitalist most known for his role in the early petroleum industry and the founding of Standard Oil (ExxonMobil is the largest of its descendants).;NATIONALITY
285;1;William Seward Burroughs (February 5, 1914 - August 2, 1997) was an American novelist, essayist, social critic and spoken word performer.;NATIONALITY
293;1;Johann Joachim Quantz (January 30, 1697 - July 12, 1773) was a German flutist, flute maker and composer.;NATIONALITY
332;3;In so doing, he earned his way into the executive program at the bank.;CONTROL
294;1;Kim Basinger (born December 8, 1953 in Athens, Georgia) is an American film actress of Irish, Swedish and 1/8th Cherokee descent.;NATIONALITY
304;1;Drew Blythe Barrymore (born February 22, 1975 in Culver City, California) is an American film and television actress and producer.;NATIONALITY
309;1;Johannes (Hans) Wilhelm Geiger (September 30, 1882 - September 24, 1945) was a German physicist.;NATIONALITY
335;2;He spent his time there teaching English.;CONTROL
314;1;Irwin Allen Ginsberg (IPA: /?g?nz?b?g/) (June 3, 1926 - April 5, 1997) was an American Beat poet born in Paterson, New Jersey.;NATIONALITY
317;1;Adolf Otto Reinhold Windaus (December 25, 1876 - June 9, 1959) was a significant German chemist.;NATIONALITY
318;1;Albert Einstein (March 14, 1879 - April 18, 1955) was a German-born Jewish theoretical physicist of German, Swiss and American citizenship, who is widely regarded as the greatest scientist of the 20th century or even of all time, ranking alongside the luminaries Newton and Gauss.;NATIONALITY
324;5;The same year, he renounced his Wuerttemberg citizenship and became stateless.;NATIONALITY
349;2;When she became pregnant, Barrymore proposed marriage.;CONTROL
335;1;The Reverend Martin Luther King, Jr. Ph.D., Boston University (January 15, 1929 - April 4, 1968) was an American Nobel Laureate, Baptist minister, and African American civil rights activist.;NATIONALITY
338;1;Elvis Aron Presley (January 8, 1935 - August 16, 1977), also known as The King of Rock and Roll (sometimes shortened to The King) was an American singer and actor.;NATIONALITY
344;1;David Manners (April 30, 1901 - December 23, 1998) was a Canadian film actor.;NATIONALITY
352;1;Francis Ford Coppola (born April 7, 1939 in Detroit, Michigan) is an Italian American film director, screenwriter, vintner, magazine publisher, and hotelier, most renowned for directing the highly regarded Godfather trilogy.;NATIONALITY
369;1;Stephen Baldwin (born May 12, 1966) is an American actor.;NATIONALITY
365;3;He was wearing shoes without socks and died from a toe infection.;CONTROL
392;1;Helen Traubel (June 16, 1899 - July 28, 1972), was an American operatic soprano, best known for her Wagnerian roles, especially that of Brunnhilde.;NATIONALITY
22;1;Jonathan Aitken (born August 30, 1942) is a former Conservative minister, and convicted perjurer.;POLITICAL_AFFILIATION
43;2;In 1960, Dole was elected as a Republican to the United States House of Representatives for the 87th Congress and to three succeeding Congresses, spanning from January 3, 1961 to January 3, 1969.;POLITICAL_AFFILIATION
51;1;John Alston Maxton, Baron Maxton (born May 5, 1936) was a Labour backbench Member of Parliament in the British House of Commons.;POLITICAL_AFFILIATION
132;1;Reagan's presidency is regarded as a turning point for the United States Republican Party and the American conservative movement.;POLITICAL_AFFILIATION
177;1;Richard Bruce Cheney (born January 30, 1941), widely known as Dick Cheney, is an American politician and businessman affiliated with the U.S. Republican Party.;POLITICAL_AFFILIATION
375;2;As he once joked, he was the youngest ex-governor in the nation's history.;CONTROL
191;1;Frank Charles Carlucci III (born October 18, 1930) was a government official in the United States, associated with the Republican Party.;POLITICAL_AFFILIATION
204;2;He is a strong supporter of the Democratic Party and is of mostly Irish American heritage, although he also has some distant German ancestry.;POLITICAL_AFFILIATION
238;1;Henry David Reginald Margesson, 1st Viscount Margesson, of Rugby (July 26, 1890-December 24, 1965) was a British Conservative politician most popularly remembered for his tenure as Government Chief Whip in the 1930s.;POLITICAL_AFFILIATION
383;4;In retrospect, many now view Gore as a helpful factor in the 1992 campaign.;CONTROL
251;1;Benjamin Everett Jordan (8 September 1896 - 15 March 1974) was a Democratic U.S. senator from the state of North Carolina between 1958 and 1973.;POLITICAL_AFFILIATION
255;3;He is in the Gaullist political family, currently a member of the UMP.;POLITICAL_AFFILIATION
274;1;The election of fellow-Republican Dwight Eisenhower to the presidency saw Rockefeller appointed first as chair of the President's Advisory Committee on Government Organization and later as an undersecretary in the Department of Health, Education, and Welfare.;POLITICAL_AFFILIATION
327;1;Samuel Adams (5 June 1805 - 27 February 1850) was a Democratic Governor of the State of Arkansas.;POLITICAL_AFFILIATION
452;5;He graduated from West Point in 1843, ranking 21st in a class of 39.;CONTROL
361;1;Brice Lalonde (born February 10, 1946) is a former socialist and Green Party leader in France, who ran for President of France in 1981.;POLITICAL_AFFILIATION
406;1;Generally regarded as a member of the moderate New Democrat wing of the Democratic Party, he headed the centrist Democratic Leadership Council in 1990 and 1991.;POLITICAL_AFFILIATION
427;1;Clooney left AMC to run as a Democrat in the 2004 election for a seat in the House of Representatives representing Kentucky's 4th Congressional district.;POLITICAL_AFFILIATION
465;1;Rupert John Cornford (27 December 1915 - 28 December 1936) was an English poet and communist.;POLITICAL_AFFILIATION
452;6;At the academy, he established a reputation as a fearless and expert horseman.;CONTROL
546;1;Frank Durward White (June 4, 1933 - May 21, 2003) was the Republican governor of the U.S. state of Arkansas from 1981 to 1983.;POLITICAL_AFFILIATION
571;3;Bush is a lifelong member of the Republican Party and was a businessman in both the oil and professional sports industries.;POLITICAL_AFFILIATION
572;2;Bush is a Republican, and has Dick Cheney as his Vice President.;POLITICAL_AFFILIATION
611;2;He served in the United States Senate as a Republican from Minnesota.;POLITICAL_AFFILIATION
453;2;His father, a tanner, and his mother were born in Pennsylvania.;CONTROL
649;2;Lincoln was the first Republican president.;POLITICAL_AFFILIATION
667;1;Vasil Petrov Kolarov (July 16, 1877 - January 23, 1950) was a Bulgarian communist political leader.;POLITICAL_AFFILIATION
716;1;Erich Honecker (25 August 1912 - 29 May 1994) was a German Communist politician who led East Germany from 1971 until 1989.;POLITICAL_AFFILIATION
744;1;Walter Ulbricht (June 30, 1893 - August 1, 1973) was a German communist politician.;POLITICAL_AFFILIATION
463;4;The contest between the two was bitter, although they differed little on issues.;CONTROL
776;1;Joseph Forney Johnston (March 23, 1843 - August 8, 1913) was an American Democratic politician who was the Governor of Alabama from 1896 to 1900.;POLITICAL_AFFILIATION
802;1;Hanks is a Democrat and has supported many candidates, including Hilary Clinton, Diane Feinstein, Al Gore, and John Kerry.;POLITICAL_AFFILIATION
815;1;Arnold Alois Schwarzenegger (born July 30, 1947 in Thal, Styria, Austria) is an Austrian-American actor, Republican politician, and bodybuilder, currently serving as the 38th Governor of California.;POLITICAL_AFFILIATION
833;1;James Douglas McKay (June 24, 1893 - July 22, 1959) born in Portland, Oregon, was a Republican from Oregon.;POLITICAL_AFFILIATION
887;1;He served as the Governor of California from January 2, 1939 until January 4, 1943, and was the only Democrat elected to that office between 1898 and 1954.;POLITICAL_AFFILIATION
468;3;He was, for a short time, a commentator opposite Bill Clinton on CBS's 60 Minutes.;CONTROL
894;1;Baldwin, a liberal Democrat, has always had an active interest in politics and is frequently rumored to be a candidate for public office.;POLITICAL_AFFILIATION
918;1;Diane Julie Abbott (born September 27, 1953 in Paddington, London) is a British Labour Member of Parliament for Hackney North and Stoke Newington constituency.;POLITICAL_AFFILIATION
944;4;In the Senate, he was aligned with the Federalists.;POLITICAL_AFFILIATION
963;1;She is a member of the Democratic Party.;POLITICAL_AFFILIATION
471;1;Koldewey was a self-trained classical era archaeological historian.;CONTROL
966;1;"John Ellis ""Jeb"" Bush (born February 11, 1953), a Republican, is the forty-third and current Governor of Florida.";POLITICAL_AFFILIATION
990;1;Rather than retire, Adams would go on to win election as a Democratic-Republican to the House of Representatives beginning with the 22nd Congress, serving from March 4, 1831, until his death.;POLITICAL_AFFILIATION
1026;1;Lyman Enos Knapp (November 5, 1837 - October 9, 1904) was an American Republican politician who was the Governor of the District of Alaska from 1889 to 1893.;POLITICAL_AFFILIATION
33;1;Henry Bolte was born in Ballarat, the son of a publican of German descent (the family name was pronounced Bol-tee).He was to spend the first 24 years of his life (apart from three years at boarding school) in the small western district town of Skipton.;VISITED
33;3;After working in various manual jobs he married Edith Elder in 1934 and bought a small farm at Bamganie near Meredith, where he lived for the rest of his life, running sheep and cattle.;VISITED
482;2;He was noted for his involvement in conservation and the protection of wildlife.;CONTROL
35;1;He was born in Groton, England, as the son of John Winthrop, the founding governor of the Massachusetts Bay Colony.;VISITED
42;2;During the Great Depression, which hit all of Kansas very hard, the Doles moved into the basement of their home, and rented out the rest of their house.;VISITED
49;1;Dole has worked part-time for a Washington, DC, law firm, and engaged in a career of writing, consulting, public speaking, and television appearances.;VISITED
67;3;"As an Army officer, he led a pioneering scientific expedition throughout a large area of the Great Plains, which he famously described as the ""Great American Desert.""";VISITED
91;3;His work dealt largely with the poor urban black and mulatto communities of Bahia.;VISITED
483;4;Laurance and Mary had three daughters and a son.;CONTROL
92;2;Jorge Amado went to Rio de Janeiro in 1931 and in the next year started to study law in the University of Rio de Janeiro.;VISITED
94;1;Marvin graduated from Woodberry Forest School in 1975, and spent most summers and holidays at the sprawling family estate, the Bush Compound.;VISITED
94;2;He was a director of the Sterling, Virginia company Securacom, also known as Stratesec, from 1993 until fiscal year 2000.;VISITED
98;1;Coltrane moved to Philadelphia, Pennsylvania in June 1943.;VISITED
489;1;Bush and his former wife, Sharon Smith, were married for 23 years.;CONTROL
114;1;At the age of 17, and having barely passed West Point's height requirement for entrance, Grant received a cadetship to the United States Military Academy at West Point, New York, through his U.S. Congressman, Thomas L. Hamer.;VISITED
115;3;In the fall of 1823 they moved to the village of Georgetown in Brown County, Ohio, where Grant spent most of his time until he was 17.;VISITED
129;1;In 1920, after years of moving from town to town, the family settled in Dixon, Illinois.;VISITED
497;2;She is the youngest daughter of their household, eternally a baby.;CONTROL
130;3;"His nationally televised speech ""A Time for Choosing"" electrified conservatives; soon after, several top Republican contributors visited Reagan at his home in Pacific Palisades, California, urging him to seek the governorship in 1966.";VISITED
136;1;In 1928, Reagan entered Eureka College in Eureka, Illinois, majoring in economics and sociology, and graduating in 1932.;VISITED
143;2;In between his sea voyages, Kerouac stayed in New York with friends from Fordham.;VISITED
508;2;He is the heir to several Forbes family offshore trusts.;CONTROL
150;3;Rodgers shortly fled debt and prosecution by going to Barbados, leaving Deborah behind.;VISITED
152;1;At the age of 17, Franklin ran away to Philadelphia, seeking a new start in a new city.;VISITED
152;4;After a few months, while working in a printing house, Franklin was induced by Pennsylvania Governor Sir William Keith to go to London, ostensibly to acquire the equipment necessary for establishing another newspaper in Philadelphia.;VISITED
500;5;Cannon County, Tennessee is named in his honor.;CONTROL
160;1;Nicholas Gilman, Jr. (August 3, 1755 - May 2, 1814) was a soldier in the Continental Army during the American Revolutionary War, a delegate to the Continental Congress, and a signer of the U.S. Constitution, representing New Hampshire.;VISITED
179;1;Details of Cheney's second Wyoming arrest, in July 1963, have fallen victim to time and record destruction practices.;VISITED
183;4;Cheney grew up in Casper, Wyoming, and met his high-school sweetheart and future wife, Lynne Vincent, at age fourteen.;VISITED
192;3;Carlucci became Ambassador to Portugal, and served in this position from 1974 until 1977.;VISITED
509;3;His father changed the family name from Levy when he was a child.;CONTROL
198;5;In 1961 he participated in a CIA mission to Congo, in which he used his athletic ability to rescue US citizens from mobs, but was also reportedly involved in the assassination of Prime Minister Patrice Lumumba.;VISITED
205;1;Clooney got his start in Los Angeles, a young college dropout from Kentucky who spent a good chunk of his struggling actor years riding to auditions on a bicycle.;VISITED
207;1;"Peter Sydney Lawford (September 7, 1923 - December 24, 1984) was a Hollywood actor and member of Frank Sinatra's ""Rat Pack,"" more noted for his off-screen activities as a celebrity than for his acting.";VISITED
216;1;"He maintained homes in Long Island, New York and Greenwich, Connecticut; the family compound at Kennebunkport, Maine; a 10,000 acre (40 km) plantation in South Carolina; and an island retreat in Florida.";VISITED
217;2;He received training in intelligence at Verdun and was briefly assigned to a staff of French officers.;VISITED
516;3;He is considered the founder of modern Biblical criticism.;CONTROL
218;1;The Bushes moved to Columbus, Ohio, in 1923, where Bush worked for the Hupp Products Company, where his business efforts generally failed.;VISITED
218;2;He left in November 1923 to become president of sales for Stedman Products of South Braintree, Massachusetts.;VISITED
218;4;In 1925, he joined the United States Rubber Company (based in New York City) as manager of the foreign division, and moved to Greenwich, Connecticut.;VISITED
224;1;After his discharge in 1919, Bush went to work for the Simmons Hardware Company in St. Louis, Missouri.;VISITED
520;2;Clooney was Ferrer's third wife.;CONTROL
237;3;In 1879, he left home for the nearby city of Detroit to work as an apprentice machinist, first with James F. Flower & Bros., and later with the Detroit Dry Dock Co.;VISITED
241;3;"He did not complete his degree, choosing instead to seek his fortune in the United States of America; but the First World War intervened.";VISITED
246;2;"He received his ""boot"" training at Paris Island, South Carolina.";VISITED
532;2;His parents were both members of the Nazi party.;CONTROL
246;3;After he graduated basic training, he was sent to Camp Lejuene in North Carolina where he underwent advanced training before being sent to Korea.;VISITED
247;2;He moved to San Juan where he started to work for the Texas Company as a file clerk.;VISITED
8;1;He married Carolyn Bessette in 1996.;WIFE
19;4;Ferrer had previously been married to Uta Hagen (1938-1948), by whom he had a daughter, and actress Phyllis Hill (1948-1953).;WIFE
19;5;At the time of his death, Ferrer was married to Stella Magee, whom he married in 1992.;WIFE
25;2;He married his second wife, Elizabeth Harris in June 2003.;WIFE
45;1;Dole has been married to Senator Elizabeth Dole, nee Hanford of North Carolina since 1975.;WIFE
535;3;The couple have four children: daughters Katherine and Christina, and sons Patrick and Christopher.;CONTROL
60;1;Barrymore married Katherine Corri Harris (1891-1927), an actress who starred in the 1918 film The House of Mirth, on September 1, 1910 and divorced in 1916.;WIFE
60;2;"He married Blanche Marie Louise Oelrichs (1890-1950), a New York mining heiress who wrote under the pseudonym ""Michael Strange,"" on August 5, 1920 and divorced her in 1925.";WIFE
60;6;"His fourth wife was Elaine Barrie (nee Elaine Jacobs, 1916-2003), an actress; they married on November 9, 1936 and divorced in 1940.";WIFE
112;1;Grant married Julia Boggs Dent (1826 - 1902) on August 22, 1848.;WIFE
541;3;He was given just his grandfather's first and last name and was not given any middle name.;CONTROL
123;1;Kennedy married his second wife Jacqueline Bouvier on September 12, 1953.;WIFE
134;1;Reagan later married actress Jane Wyman in 1940.;WIFE
134;5;Reagan remarried in 1952 to actress Nancy Davis.;WIFE
183;4;Cheney grew up in Casper, Wyoming, and met his high-school sweetheart and future wife, Lynne Vincent, at age fourteen.;WIFE
187;1;In 1964, he married Lynne Vincent.;WIFE
541;9;Therefore, from a very young age, Lincoln was exposed to anti-slavery sentiment.;CONTROL
321;1;Einstein married Mileva Maria on January 6, 1903.;WIFE
333;1;King married Coretta Scott on June 18, 1953.;WIFE
396;3;"His wife, former first lady Hillary Rodham Clinton, is currently the junior U.S. Senator from New York.";WIFE
407;3;"After Oxford, Clinton received a Juris Doctor (J.D.) degree from Yale Law School, where he met classmate Hillary Rodham whom he married in 1975.";WIFE
542;5;In a valley of the Rolling Fork River, this was some of the best farmland in the area.;CONTROL
411;1;The most important item on Clinton's legislative agenda, however, was a complex health care reform plan, the result of a taskforce headed by Hillary Clinton, aimed at achieving universal coverage.;WIFE
448;1;On 29 January 1839, Darwin married his cousin Emma Wedgwood at Maer in an Anglican ceremony arranged to also suit the Unitarians.;WIFE
473;1;Shire is currently married to actress Didi Conn.;WIFE
543;3;These events soon led to the American Civil War.;CONTROL
474;2;He was married to actress Talia Shire, whose brother Francis Ford Coppola offered him his big break, scoring The Conversation in 1974.;WIFE
524;5;Together, Professor J. Laurence Laughlin and Roosevelt's girlfriend and future wife, Alice Hathaway Lee, convinced Roosevelt to drop natural history in favor of politics.;WIFE
563;3;"During this time, he was prescribed Ritalin for hyperactivity; years later, his wife Courtney Love blamed Ritalin for his addiction to heroin.";WIFE
574;3;Two years later, he married Laura Welch, a librarian originally from Midland.;WIFE
576;3;Though earning mediocre grades, he made many lasting friendships.;CONTROL
586;1;Bush is very close to his wife Laura, his father George H. W. Bush and mother Barbara Bush.;WIFE
598;2;He married his first wife, Joyce Halverson, in 1951.;WIFE
598;4;He later married Jean Forsyth Clyde in 1973, with whom he was married for the rest of his life.;WIFE
606;6;He is married to singer Chynna Phillips.;WIFE
577;5;After the media caught wind of the comment, he apologized.;CONTROL
627;4;He purchased a commission in the army, but sold it again without serving, and in August 1827 married, in opposition to his mother's wishes, Rosina Doyle Wheeler (1802-1882).;WIFE
651;1;On November 4, 1842, Lincoln married Mary Todd.;WIFE
720;1;Honecker married Margot Feist in 1953 and remained married until his death.;WIFE
729;2;He was married to Harriet Fay.;WIFE
733;1;He was married to Grace Coolidge and had 2 children: John (born 6 September, 1906 - died 2000) and Calvin Jr. (born 13 April - died 1924).;WIFE
749;2;He was married with HRH Princess Olga of Greece and Denmark in 1923.;WIFE
769;1;He has a son, Weston Coppola Cage (born 1990), by model Kristina Fulton.;WIFE
769;2;On April 8, 1995 he married actress Patricia Arquette.;WIFE
769;4;On August 10, 2002 he married Lisa Marie Presley and filed for divorce less than four months later.;WIFE
